<?xml version="1.0" encoding="utf-8" standalone="yes" ?>
<rss version="2.0" xmlns:atom="http://www.w3.org/2005/Atom">
  <channel>
    <title>Posts on Chirag&#39;s Blog</title>
    <link>http://techhguruu.com/post/</link>
    <description>Recent content in Posts on Chirag&#39;s Blog</description>
    <generator>Hugo -- gohugo.io</generator>
    <language>en-us</language>
    <lastBuildDate>Mon, 16 Oct 2017 20:26:13 -0700</lastBuildDate>
    
	<atom:link href="http://techhguruu.com/post/index.xml" rel="self" type="application/rss+xml" />
    
    
    <item>
      <title>Interview with Project Manager</title>
      <link>http://techhguruu.com/post/chapter-2/</link>
      <pubDate>Mon, 16 Oct 2017 20:26:13 -0700</pubDate>
      
      <guid>http://techhguruu.com/post/chapter-2/</guid>
      <description>This blog is all about my interview session with the project manger who is currently working at Quest Global. Quest Global is a product development and production engineering company in the Aero Engines, Aerospace &amp;amp; Defense, Hi-Tech &amp;amp; Industrial, Medical Devices, Oil &amp;amp; Gas, Power, and Transportation verticals. The company has spread operations across 35 locations in 12 countries. It was founded in 1997 and employs 8500 as of June 2017.</description>
    </item>
    
    <item>
      <title>Portfolio</title>
      <link>http://techhguruu.com/post/chapter-1/</link>
      <pubDate>Thu, 05 Oct 2017 18:47:40 -0700</pubDate>
      
      <guid>http://techhguruu.com/post/chapter-1/</guid>
      <description>&amp;ldquo;PORTFOLIO IS THE REFLECTION OF YOUR CAPABILITIES AND SKILLS&amp;rdquo;
SUGGESTIONS FOR CREATING A GOOD PORTFOLIO
1. Target Audience
Basically, the portfolio is a mean to get us work or job. So if you don’t want a certain type of job or client don’t show that type of work in your portfolio. First, decide what type of work or job you want to get in and then include accordingly, which would not only save your time but also improve your chance of getting hired.</description>
    </item>
    
  </channel>
</rss>